0,JK
1,E201
2,KF
3,E838
4,E456
5,F001
6,BS
7,PZ
8,PR
9,G
10,PS
11,BX
12,PA
13,PE
14,E300
15,HA
16,TK
17,QA
18,Z
19,B
20,HX
21,E151
22,HM
23,PQ
24,HG
25,E660
26,HV
27,E740
28,NC
29,M
30,PJ
31,BR
32,U
33,JC
34,BL
35,TR
36,AE
37,DC
38,PG
39,PK
40,AG
41,N
42,JX
43,PT
44,QC
45,D731
46,TA
47,DS
48,F590.3
49,E011
50,DA
51,HB
52,F850.5
53,BJ
54,PN
55,PC
56,PL
57,T
58,CT
59,QH
60,DP
61,GV
62,BF
63,LB
64,TJ
65,ND
66,QL
67,DU
68,F350.5
69,D
70,HT
71,K
72,KNX
73,JQ
74,AZ
75,DG
76,DE
77,SH
78,UF
79,KJ
80,HN
81,Q
82,R
83,HQ
84,F721
85,F786
86,TL
87,GT
88,UG
89,ML
90,SK
91,PB
92,DT
93,F396
94,BV
95,TX
96,AP
97,BT
98,GR
99,F1001
100,F106
101,DL
102,DF
103,UE
104,SF
105,HJ
106,F3401
107,QK
108,QP
109,QD
110,HD
111,HF
112,DK
113,F2661
114,TP
115,AC
116,MT
117,BM
118,KD
119,QE
120,RC
121,D501
122,F206
123,BQ
124,DD
125,QB
126,LC
127,LD
128,NX
129,LF
130,SB
131,F516
132,BP
133,GN
134,QR
135,F476
136,HE
137,HC
138,F1401
139,E186
140,GF
141,PF
142,RM
143,CS
144,TN
145,NB
146,F975
147,DH
148,RA
149,JN
150,S
151,CB
152,VK
153,DJK
154,TS
155,BC
156,F1561
157,RG
158,J
159,PH
160,TH
161,PD
162,JS
163,JL
164,F1201
165,CR
166,F2301
167,F2201
168,RT
169,BH
170,F2001
171,RX
172,RJ
173,HS
174,LA
175,KE
176,TC
177,PM
178,AS
179,TD
180,F2351
181,E895
182,F1751
183,DJ
184,JF
185,L
186,BD
187,DB
188,NA
189,F1900
190,F1951
191,UA
192,V
193,JV
194,F296
195,UD
196,TT
197,DQ
198,F2801
199,H
200,SD
201,GB
202,DR
203,F2501
204,RB
205,NK
206,RS
207,P
208,CC
209,F3051
210,F3301
211,VM
212,JA
213,TG
214,KBR
215,UB
216,DX
217,CE
218,LT
219,KL
220,F2155
221,TF
222,RZ
223,RD
224,QH301
225,VF
226,F3701
227,F1541
228,NE
229,KN
230,GC
231,CJ
232,RE
233,KH
234,QM
235,RV
236,VA
237,UH
238,RL
239,RK
240,F1501
241,RF
242,F2251
243,F2701
244,LE
245,CN
246,TE
247,KZ
248,F2131
249,F1601
250,UC
251,F1461
252,GA
253,KP
254,VG
255,F1481
256,VB
257,AM
258,JZ
259,KBM
260,VE
261,F1521
